"","time","height","hash","ver","fee","n_tx","size","script_hex","tx.hash","tx.out.addr","tx.out.addr_tag"
"1",1461876809,409320,"000000000000000003057a2c6a562cd4b95f2a61a1b3f578f64bebda790550ab",536870912,22157722,1196,443048,"03e83e0697da0ed6097a87181d02a8012a68dc100d00202f425443432f000000000000000000000000000000000000000000000000000000000000000000000000000000000000000000000000000000000000","ef4f482c819ea01daba497678966d72173082df6b02ebbaa2b3b1cbb364300cd","152f1muMCNa7goXYhYAQC61hxEgGacmncB","Unknown"
"2",1461877104,409321,"0000000000000000048cbff7b515ddd0d49635a86753edd90fe216ded393f147",536870912,24311263,1027,998049,"03e93e0600046a792257048170bb230cff5f01576d860a57000505be0a636b706f6f6c182f426974436c7562204e6574776f726b2f5345475749542f","1894723e7b8f4019c81af67ceb279970024b0f368c171cc3c2ba43de87f159ca","155fzsEBHy9Ri2bMQ8uuuR3tv1YzcDywd4","Unknown"
"3",1461877473,409322,"0000000000000000011752b442f5b34f00fc9515875a76557f0ae6cba857c004",4,34301093,1317,998049,"03ea3e060004e17a225704e6d5e620087f5e59dae1a901000a425720537570706f727420384d200a666973686572206a696e78696e092f425720506f6f6c2f","9f44063dbe9aabb2365cfe942b54a3540665884423bf7f7c2e6d81d6017bd63e","1BQLNJtMDKmMZ4PyqVFfRuBNvoGhjigBKF","Unknown"
"4",1461877820,409323,"000000000000000004651f2e71d890aae5892a34113e5a63dc8b2d72dc50bb26",4,27001504,1008,996262,"03eb3e0637e4b883e5bda9e7a59ee4bb99e9b1bcd4b8b42938f6d61ee314a0db0cc5fd47e91dcb1549e0080e9f84479ee92ba83c02000000f09f909f134d696e65642062792068616f6274636d6273370000000000000000000000000000000000000000","ddffcb77dc8e3e0cd94db53822b346968c1dbbc665dd1524d13f1665b853c30c","1KFHE7w8BhaENAswwryaoccDb6qcT6DbYY","Discus Fish (F2Pool)"
"5",1461877958,409324,"000000000000000002dd4bbf620c3e7bba5393f47ec99c017c1b7b54473794dd",536870912,13096705,455,413090,"03ec3e0687c24ecf09afe6307103600137436d090100202f425443432f000000000000000000000000000000000000000000000000000000000000000000000000000000000000000000000000000000000000","6d97ebf4230b598a8646862e3f77a8fc7f31ff636c70bcaf648ee7c9ec9b8bea","152f1muMCNa7goXYhYAQC61hxEgGacmncB","Unknown"
"6",1461880027,409325,"00000000000000000442f3ca043a56654a7083bce8ab7494c016c120e4f0ce34",4,76657994,3261,998114,"03ed3e061f4d696e656420627920416e74506f6f6c20736330203341273720572284da01c016000015883800","85819f219ecbfc15e96a85b335927f08ab58b48bb1bad54858ea2497df0e9dfa","15urYnyeJe3gwbGJ74wcX89Tz7ZtsFDVew","Unknown"
"7",1461881293,409326,"000000000000000004f36c5e0c30527ae35a1fbe404f97d4ec4438c2b2c04c01",4,50142281,2881,998083,"03ee3e061f4d696e656420627920416e74506f6f6c20626a3133200028768d20572289cdd91a0000c1002900","9ee3bb49876abfc3cde53a57b6e1c09789f77a4cb2f48f74074813c94c3cf93a","15urYnyeJe3gwbGJ74wcX89Tz7ZtsFDVew","Unknown"
"8",1461881801,409327,"0000000000000000002ceb0bc43f650bd605e7d51c48a5238fd5063bd562330a",4,37336742,1849,999858,"03ef3e0637e4b883e5bda9e7a59ee4bb99e9b1bc5f6d33619af388450dafa5ba4af917cee24bba60a7478c45a7df84bdeddc90a402000000f09f909f154d696e65642062792062616f797566616e32303131000000000000000000000000000000000000","13c1a328a6b4800281a05b0f12fb232cb43e611856748d71db3e961266febc99","1KFHE7w8BhaENAswwryaoccDb6qcT6DbYY","Discus Fish (F2Pool)"
"9",1461881888,409328,"00000000000000000061a51e59d936b2bd7757b16a613b42b8c2e65e3cea1c92",4,37229287,486,998100,"03f03e061f4d696e656420627920416e74506f6f6c20757361312022fadf012057228c206f160000419f0000","2ed3f244e0056335709658a4b638a479086c272d34c998d5917eb8cac1f1f705","15HCzh8AoKRnTWMtmgAsT9TKUPrQ6oh9HQ","Unknown"
"10",1461883503,409329,"0000000000000000014543ef7f8934094e134495f5cab608ecafa31e6c1a5096",4,53479858,2904,999805,"03f13e0637e4b883e5bda9e7a59ee4bb99e9b1bcbd11def66d518ffd7382bd32921b2217e9f702aa08003ec0ed5ec662cab088c902000000f09f909f134d696e6564206279207265616c73756e3030320000000000000000000000000000000000000000","3eeeb43429bf6a1bc2e1ab49c99b8f67e1f5a11151ed5c94ee2d0de9ad8691b2","1KFHE7w8BhaENAswwryaoccDb6qcT6DbYY","Discus Fish (F2Pool)"
"11",1461883592,409330,"000000000000000004d5b641602c37e8a891a6bed7cf3a2a3ffc958eec6db54d",536870912,29662384,527,989233,"03f23e06006c0dd0097a87181d02c0011e86a4aa0300202f425443432f000000000000000000000000000000000000000000000000000000000000000000000000000000000000000000000000000000000000","8c645395e7db477408740d9b1a820eb378cd72182998b9c544dff8b405f82f5e","152f1muMCNa7goXYhYAQC61hxEgGacmncB","Unknown"
"12",1461884068,409331,"00000000000000000015014b756cccfc601f305b689ee6eb6cc5543f33b5a238",4,37065890,1733,998066,"03f33e061f4d696e656420627920416e74506f6f6c20757361332028e0020720572294a4090b00009d8d4b00","34a67511c77fa742476c9de7052e0b84894dabae11dca653fcdaf8495f592100","15HCzh8AoKRnTWMtmgAsT9TKUPrQ6oh9HQ","Unknown"
